ACER, Acropora cervicornis,1
APAL, Acropora Palmata,2
AAGA, Undaria agaricites,5
AFRA, Agaricia fragilis,6
ALAM, Agaricia lamarcki,9
CNAT, Colpophyllia natans,14
DSTO, Dichocoenia stokesi,16
PCLI, Pseudodiploria clivosa,17
DLAB, Diploria labyrinthiformis,18
PSTR, Pseudodiploria strigosa,19
EFAS, Eusmilia fastigiata,21
FFRA, Favia fragum,22
ISIN, Isophyllia sinuosa,27
MDEC, Madracis decactis,29
MMEA, Meandrina meandrites,35
MALC, Millepora alcicornis,36
MCOM, Millepora complanata,38
OANN, Orbicella annularis,42
MCAV, Montastraea cavernosa,43
OFAV, Orbicella faveolata,44
OFRA, Orbicella franksi,45
MANG, Mussa angulosa,47
MYCE, Mycetophyllia sp., 51/52/53/54/55
ODIF, Oculina diffusa,56
PAST, Porites astreoides,59
PDIV, Porites divaricata,62
PFUR, Porites furcata,63
PPOR, Porites porites,64
SRAD, Siderastrea radians,69
SSID, Siderastrea siderea,70
SBOU, Solenastrea bournoni,73
SINT, Stephanocoenia intersepta,75
